user,Link
新疆都市消费晨报
直播新疆
新疆949交通广播
新疆都市报
新疆日报
新疆音乐广播MYFM1039
新疆经济报
新疆法制报
新疆电视台直播民生
新疆旅游志
新疆财经大学
新疆农业大学
新疆故事广播
微博新疆
新疆医科大学
新疆师范大学
亚心网
新疆大学
新疆电视台四套
新疆球迷俱乐部
新疆哈密广播电视报
人民网新疆频道
新疆手机报
新疆师范大学微校园
先锋961
新疆大学学生会
围观新疆
新疆大学微吧
彩虹映天山
新疆主持人大赛
央广新疆站
新疆财经大学学生会
新疆财经大学商务学院团委学生会
新疆财经大学知行协会
新疆农业大学学生会
新疆大学电影协会
新疆大学研究生会
新疆大学学生社团联合会
新疆国际矿业博览会-
新疆师范大学学生会
新疆农业大学社团联合会
新疆教育电视台
新疆体院团委
XJTV-10新疆体育
新疆是个好地方组委会
库尔班大叔看新疆
新疆大学北校区微博协会
新疆师范大学团委
新疆警察学院学生会
新疆卫视今日聚焦
新疆大学就业与职业发展
新疆农业大学科学技术学院团委
新疆大学校园广播
新疆财经大学学生会宣传
新疆财经大学校学生会权益部
新疆农业大学团委
新疆大学棒垒球队
新疆924民生广播
新疆大学志愿者总队
新疆财经大学青年志愿者协会
新疆艺术学院-青年志愿者协会
虎鱼网
新疆电视台网络部
新疆企业之声
新疆新星青少年體育俱樂部
新疆警察学院记者团
新疆卫视丝路发现
XJTV节目中心
新疆四套翡翠剧场
新疆教育学院
新疆师范大学语言学院
新疆警察学院国旗护卫队
新疆巴州交通广播1077
新疆艺术学院传媒系
新疆维吾尔语综合广播
新疆财经大学会计学院分团委
新疆大学化学化工学院分团委
新疆医科大学研究生会
新疆大学生命学院分团委
今日新疆
图秀新疆
新疆交通职业技术学院
新疆天山职业技术学院
新疆大学机械工程学院学工办
新疆艺术学院社团联合会
新疆大学外国语学院分团委
新疆艺术学院团委学生会
新疆职业大学校团委
新疆卫视运营中心
新疆农业大学志愿者协会
新疆广播电视报
活色生香每一天-新疆
新疆-大学生
新疆财经大学大学生就业创业协会
新疆医科大学中医学院
新疆师范大学社团联合会
新疆大学旅游学院学生会
新疆农业大学林学与园艺学院
新疆医科大学励志讲坛
新疆财经大学旅游学院
新疆电视台纪录片
新疆大学学生社团联合会南校分会
新疆大学人文学院分团委
新疆大学南校区校园广播
新疆卫视非常考验
新疆大学科技学院分团委
新疆财经大学辩论协会
新疆师范大学研究生会
新疆财经大学自行车协会
新疆师范大学文学院学生会
新疆大学科技学院学生会
新疆大学学生会北校区分会
新疆大学纺织与服装学院分团委
新疆农业大学环保志愿服务队
新疆师范大学绿色阳光行动组
新疆农业大学研究生会
新疆财经大学金融学院
新疆煤博会
CCTV新疆站
新疆大学旅游协会
新疆人文地理
CIPPE--新疆石油展
兵团广播电视台
博尔塔拉报
阿克苏新闻网
新疆新闻台
哈密电视台新闻部
昌吉电视台
都市消费晨报财经
塔城日报社
克州电视台
昌吉市电视台
民生零距离
乌昌之声音乐广播
直播昌吉
新财商院心理驿站
新疆师范大学研究生支教团
天山公益
奎屯电台1019
天山论见
晨报花季
新疆能源职业技术学院
新医大团委
xjtv在那遥远的地方
UTV微博之力
直播交通xjtv
新疆交职院思政部
XJTV2那哇栏目组
都市消费晨报-晨报新娘
xjtv新闻中心哈萨克语
新疆1074文艺广播
伊犁垦区报
奎屯新闻
新疆教育电视台影视剧官方微博
奎屯百姓与法
爱是你我-新疆网络春晚
新疆师范大学体育学院
新疆师范大学公共事业管理协会
新农大科技学院新媒体协会
新疆铁道职业技术学院学生会
西陆文学社
新疆师范大学化学化工学院
新疆师范大学地理科学与旅游学院
托格拉克网--TograkTori
新疆-能源网
新医大小小志愿者
爱部落公益发展中心
新疆法制报公安交通周刊
新疆大学化学化工学院党建部
都市消费晨报生活服务
新疆大学电气工程学院分团委
新艺文管系
新疆中学生
